"first_name","email","last_name"
"Tildy","tbottlestone0@latimes.com","Bottlestone"
"Boony","bhallybone1@walmart.com","Hallybone"
"Joella","jworrall2@ning.com","Worrall"
"Jacquenetta","jkleinzweig3@vinaora.com","Kleinzweig"
"Gerda","gdempsey4@google.com","Dempsey"
"Hector","hpoker5@tmall.com","Poker"
"Valeria","vbungey6@usa.gov","Bungey"
"Etheline","edubery7@ebay.co.uk","Dubery"
"Minni","mplaschke8@businessweek.com","Plaschke"
"Burgess","bbranney9@google.it","Branney"
"Celie","ckrzyzanowskia@google.nl","Krzyzanowski"
"Gianni","ghambletonb@unc.edu","Hambleton"
"Maje","mrashc@soundcloud.com","Rash"
"Oralla","omushawed@alibaba.com","Mushawe"
"Read","rtrodlere@artisteer.com","Trodler"
"Shermie","swynterf@elpais.com","Wynter"
"Sholom","smckennang@w3.org","McKennan"
"Bobbee","bhallwoodh@seesaa.net","Hallwood"
"Davide","dfessieri@hostgator.com","Fessier"
"Tandie","tcrannj@huffingtonpost.com","Crann"
"Ynez","ywaplesk@blinklist.com","Waples"
"Freddy","fmacconneelyl@soundcloud.com","MacConneely"
"Abelard","aweberm@youku.com","Weber"
"Silvio","srylancen@cnet.com","Rylance"
"Lombard","lpecheo@digg.com","Peche"
"Ignatius","ihearnp@unesco.org","Hearn"
"Anson","afurstq@wp.com","Furst"
"Saw","smadisonr@4shared.com","Madison"
"Carmelina","cstovings@guardian.co.uk","Stoving"
"Ernesta","ebroxapt@wix.com","Broxap"
"Duane","dkirknessu@go.com","Kirkness"
"Bradan","bgirardengov@example.com","Girardengo"
"Tiffie","tcoggerw@posterous.com","Cogger"
"Sandor","sbenthallx@si.edu","Benthall"
"Kerrie","kkunklery@godaddy.com","Kunkler"
"Borden","bbarksz@columbia.edu","Barks"
"Veriee","vbraganza10@cnet.com","Braganza"
"Adorne","agrigorian11@canalblog.com","Grigorian"
"Loree","ldoring12@elpais.com","Doring"
"Nathanial","ndelacote13@tumblr.com","Delacote"
"Kliment","kkarpets14@ebay.co.uk","Karpets"
"Megen","mklimp15@theatlantic.com","Klimp"
"Olympie","oupston16@webeden.co.uk","Upston"
"Grady","gdunbobbin17@tumblr.com","Dunbobbin"
"Vaughn","vyare18@elegantthemes.com","Yare"
"Grace","ghews19@squidoo.com","Hews"
"Nonnah","ncatlin1a@sfgate.com","Catlin"
"Natalee","nbrasher1b@ftc.gov","Brasher"
"Beryl","bgabbatiss1c@weebly.com","Gabbatiss"
"Raimondo","rlanglois1d@furl.net","Langlois"
"Cristie","ceardley1e@etsy.com","Eardley"
"Lianna","lmcturlough1f@businessweek.com","McTurlough"
"Alexis","aprint1g@psu.edu","Print"
"Monique","mdrinkhill1h@indiegogo.com","Drinkhill"
"Horton","hellingford1i@tripadvisor.com","Ellingford"
"Todd","tsalvador1j@parallels.com","Salvador"
"Ronni","rsimons1k@cmu.edu","Simons"
"Carroll","cgreson1l@elpais.com","Greson"
"Orlan","oglossop1m@irs.gov","Glossop"
"Farleigh","fiozefovich1n@cloudflare.com","Iozefovich"
"Juana","jrobertet1o@examiner.com","Robertet"
"Harwell","hdepper1p@com.com","Depper"
"Ian","iorritt1q@xing.com","Orritt"
"Walker","wdudny1r@imageshack.us","Dudny"
"Harman","hcavanagh1s@unc.edu","Cavanagh"
"Giusto","gburfield1t@so-net.ne.jp","Burfield"
"Madison","mtrevethan1u@163.com","Trevethan"
"Violetta","vstruijs1v@msn.com","Struijs"
"Rosalynd","ryoude1w@diigo.com","Youde"
"Carola","cschnieder1x@netscape.com","Schnieder"
"Henrie","hmcquirk1y@oaic.gov.au","McQuirk"
"Hedwig","hpicken1z@patch.com","Picken"
"Joel","jletford20@jalbum.net","Letford"
"Helenelizabeth","hplummer21@guardian.co.uk","Plummer"
"Demetria","dwemm22@va.gov","Wemm"
"Rainer","rsabbins23@bloglovin.com","Sabbins"
"Chris","cousbie24@technorati.com","Ousbie"
"Ediva","estaite25@jugem.jp","Staite"
"Kelsey","khighwood26@moonfruit.com","Highwood"
"Gilbertine","gbarke27@shinystat.com","Barke"
"Ladonna","lpople28@msn.com","Pople"
"Kermy","kshakelady29@vinaora.com","Shakelady"
"Dania","dmcmillan2a@example.com","McMillan"
"Thedrick","tglandon2b@ask.com","Glandon"
"Keane","kgrandison2c@ucsd.edu","Grandison"
"Blayne","bclapp2d@weibo.com","Clapp"
"Johan","jfyall2e@vk.com","Fyall"
"Lorie","lstearnes2f@quantcast.com","Stearnes"
"Andria","amapletoft2g@php.net","Mapletoft"
"Sisile","spherps2h@rakuten.co.jp","Pherps"
"Bordy","bkares2i@lulu.com","Kares"
"Brockie","bmarnane2j@umn.edu","Marnane"
"Antoinette","alathom2k@ifeng.com","Lathom"
"Chic","clodford2l@quantcast.com","Lodford"
"Coreen","cjacobsen2m@example.com","Jacobsen"
"Mikel","mhamel2n@people.com.cn","Hamel"
"Katusha","kcawse2o@princeton.edu","Cawse"
"Rudy","rtomanek2p@census.gov","Tomanek"
"Kleon","kharlin2q@umich.edu","Harlin"
"Marla","msanson2r@github.io","Sanson"